{
  "accuracy": 0.9995,
  "roc_auc": 0.9999934065934066,
  "cv_auc_mean": 0.9999927884615385,
  "cv_auc_std": 5.787190778242103e-06,
  "n_train": 8000,
  "n_test": 2000,
  "features": [
    "l1_baro_score",
    "l2_acoustic_score",
    "l3_network_score",
    "l4_inertial_score",
    "l1_baro_available",
    "l2_acoustic_available",
    "l3_network_available",
    "l4_inertial_available",
    "mock_flag",
    "claim_burst_rate",
    "baseline_deviation",
    "available_sensor_count",
    "available_layer_mean_score",
    "max_score",
    "min_score",
    "score_variance",
    "mock_x_inertial",
    "burst_x_deviation"
  ],
  "feature_importances": {
    "available_layer_mean_score": 0.6293575167655945,
    "max_score": 0.1560414433479309,
    "l4_inertial_score": 0.15141499042510986,
    "mock_x_inertial": 0.025443803519010544,
    "mock_flag": 0.013901748694479465,
    "burst_x_deviation": 0.00734384311363101,
    "baseline_deviation": 0.005605701357126236,
    "claim_burst_rate": 0.004944105166941881,
    "l2_acoustic_score": 0.002682778984308243,
    "l3_network_score": 0.0018554668640717864,
    "score_variance": 0.0007146105053834617,
    "l1_baro_score": 0.0006939122104085982,
    "l1_baro_available": 0.0,
    "l2_acoustic_available": 0.0,
    "l3_network_available": 0.0,
    "l4_inertial_available": 0.0,
    "available_sensor_count": 0.0,
    "min_score": 0.0
  }
}